petal_length,petal_width
1.2,1.2166666666666672
4.8,-0.1333333333333314
